{"cameraMode":{"drawMode":0,"name":"Shaded","section":"Shading Mode"},"sceneLighting":true,"audioPlay":false,"sceneViewState":{"showFog":true,"showMaterialUpdate":true,"showSkybox":true,"showFlares":true,"showImageEffects":true,"showParticleSystems":true},"in2DMode":false,"pivot":{"x":770.2728881835938,"y":400.8349914550781,"z":845.91455078125},"rotation":{"x":0.06590621918439865,"y":0.1030837818980217,"z":-0.006845334079116583,"w":0.992463231086731},"size":1531.4910888671875,"orthographic":false}